subclass,instance,wikiDataID,gender,age,birthYear,publication_year
Presenter,Robert_W._Morgan,Q7350715,male,61,,2006.0
Presenter,Rod_O'Connor_(announcer),Q21605030,,50,,2015.0
Presenter,Roy_Leonard,Q16210442,male,83,,2009.0
Presenter,Roy_Masters_(commentator),Q7373128,male,93,,2005.0
Presenter,Bill_Jackson_(television_personality),Q4909585,male,87,,2006.0
Presenter,Bob_Conners,Q4932120,male,81,,2006.0
Presenter,Bob_Lassiter,Q4933119,male,61,,2005.0
Presenter,Bob_Steele_(broadcaster),Q4934076,male,91,,2006.0
Presenter,Boyet_Sison,Q111632070,male,59,,2022.0
Presenter,Brian_Matthew,Q4964625,male,89,,2005.0
Presenter,Dave_Bookman,Q64373630,,59,,2006.0
Presenter,Dave_Hull,Q5229015,male,86,,2006.0
Presenter,Howie_Chizek,Q5921982,,65,,2006.0
Presenter,John_Peel,Q326542,,65,,2001.0
Presenter,John_Shaw_(broadcaster),Q15693801,male,56,,2014.0
Presenter,John_Walters_(broadcaster),Q6262932,male,62,,2003.0
Presenter,John_Watt_(broadcaster),Q17416281,male,59,,2014.0
Presenter,John_Zacherle,Q15516717,,98,,2004.0
Presenter,Paul_Harvey,Q772302,male,91,,2004.0
Presenter,Pete_Fornatale,Q7171963,,67,,2008.0
Presenter,Petey_Greene,Q7178298,male,53,,2007.0
Presenter,Rhubarb_Jones,Q7321527,male,66,,2005.0
Presenter,Rita_Houston,Q104223643,female,59,,2020.0
Presenter,Robbie_Dale,Q7340875,,81,,2007.0
Presenter,Robert_D._Raiford,Q7343333,male,90,,2006.0
Presenter,Uaneen_Fitzsimons,Q106466094,female,29,,2021.0
Presenter,Vernon_Corea,Q7922095,male,75,,2004.0
Presenter,%22Sunshine%22_Sonny_Payne,Q4540317,male,93,,2010.0
Presenter,Russ_Martin,Q7381177,,61,,2004.0
Presenter,Ruth_Lyons_(broadcaster),Q7383094,female,83,,2006.0
Presenter,Chris_Burrous,Q61855658,,43,,2021.0
Presenter,Chuck_Leonard,Q5115586,male,67,,2006.0
Presenter,Clay_Cole,Q5129853,male,72,,2006.0
Presenter,Clyde_Gilmour,Q5136927,male,85,,2008.0
Presenter,Frank_Harden,Q5487105,male,96,,2011.0
Presenter,Frazier_Thomas,Q5494120,male,67,,2005.0
Presenter,Fred_Allen,Q967454,male,62,,2003.0
Presenter,Gary_Mittelholtz,Q5525604,male,56,,2010.0
Presenter,Gene_Shay,Q5531445,male,85,,2005.0
Presenter,George_Grljusich,Q5539937,,68,,2007.0
Presenter,George_Putnam_(newsman),Q5410067,male,94,,2005.0
Presenter,George_Weber_(radio_personality),Q5546113,male,48,,2007.0
Presenter,Ghislaine_Dupont,Q15127495,female,57,,2013.0
Presenter,Glenn_Riggs,Q19667085,male,68,,2015.0
Presenter,Goodman_Ace,Q5583456,male,83,,2004.0
Presenter,Graham_Knight_(broadcaster),Q5592990,male,60,,2009.0
Presenter,Andrew_Olle,Q4758162,male,48,,2005.0
Presenter,Andy_Thorpe,Q4761403,female,81,,2006.0
Presenter,Leo_Sarkisian,Q15430476,male,97,,2013.0
Presenter,Leyland_brothers,Q6538078,,68,,2004.0
Presenter,Lisa_Shaw_(broadcaster),Q107014863,female,45,,2021.0
Presenter,Lou_Gordon_(journalist),Q6685519,male,60,,2010.0
Presenter,Magi_Dodd,Q13129889,female,44,,2021.0
Presenter,Malcolm_Laycock,Q16018493,male,71,,2007.0
Presenter,Stephen_Capen,Q7608852,male,59,,2009.0
Presenter,Yvonne_Daniels,Q5495183,female,54,,2018.0
Presenter,Barbara_Frum,Q2883940,female,55,,2002.0
Presenter,Bruce_Morton,Q4978041,male,84,,2023.0
Presenter,Celal_Şahin,Q6032563,male,93,,2018.0
Presenter,Trudy_Haynes,Q19958049,female,96,,2013.0
Presenter,Wally_Phillips,Q7963461,male,83,,2007.0
Presenter,William_B._Williams_(DJ),Q8004888,male,63,,2007.0
Presenter,Adriana_Xenides,Q4685532,,54,,2006.0
Presenter,Al_McCann_(broadcaster),Q4704419,male,85,,2013.0
Presenter,Alison_Steele,Q4727195,female,58,,2006.0
Presenter,Danny_Stiles,Q5220856,male,88,,2009.0
Presenter,Ed_Herlihy,Q3047178,male,90,,2004.0
Presenter,Ed_Schwartz,Q5335380,male,63,,2005.0
Presenter,Ed_Sciaky,Q5335382,male,56,,2004.0
Presenter,Eric_Pearce_(broadcaster),Q5387258,male,92,,2006.0
Presenter,Ford_Bond,Q5467659,male,58,,2007.0
Presenter,Oscar_Treadwell,Q1240642,,80,,2013.0
Presenter,Grete_Dollitz,Q13220860,female,89,,2010.0
Presenter,Guy_Lux,Q940131,male,84,,2008.0
Presenter,Hal_Jackson,Q1570121,male,97,,2006.0
Presenter,J._P._McCarthy,Q5493000,male,62,,2005.0
Presenter,Jack_Jersawitz,Q101542084,male,78,,2020.0
Presenter,Jack_Lescoulie,Q3157247,,75,,2006.0
Presenter,Jackson_Weaver,Q6117795,male,72,,2010.0
Presenter,Jane_Ace,Q6151074,,77,,2005.0
Presenter,Ted_Quillin,Q7693635,male,81,,2009.0
Presenter,Ted_Tevan,Q7693790,male,78,,2007.0
Presenter,Artie_Auerbach,Q4800974,male,54,,2009.0
Presenter,Charlie_Tuna,Q5085624,male,72,,2006.0
Presenter,Jim_Jordan_(actor),Q3541137,,92,,2004.0
Presenter,Jimmy_Staggs,Q6201350,,72,,2007.0
Presenter,Joe_Frank,Q6209903,,80,,2004.0
Presenter,Joe_Taruc,Q6212609,male,70,,2010.0
Presenter,John_Dease,Q6229023,male,73,,2009.0
Presenter,John_Gilliland,Q16014067,male,63,,2006.0
Presenter,K-Swift,Q304674,,30,,2008.0
Presenter,Kelvin_Keech,Q19974780,male,82,,2015.0
Presenter,Ken_Prewitt,Q19824547,male,69,,2015.0
Presenter,Kerstin_Behrendtz,Q16498472,female,70,,2020.0
Presenter,Kidd_Kraddick,Q6404636,male,54,,2006.0
Presenter,Big_Jack_Armstrong,Q4905892,male,63,,2006.0
Presenter,Suzanne_Lapointe,Q18707066,,81,,2017.0
Presenter,Dick_Pike,Q5273269,male,79,,2009.0
Presenter,Don_Carney,Q21608017,,58,,2015.0
Presenter,Don_Steele,Q5293560,male,61,,2004.0
Presenter,Doug_Banks,Q5300271,,58,,2005.0
Presenter,Art_Vincent,Q16013118,male,67,,2013.0
Presenter,Azeem_Sarwar_(broadcaster),Q108569473,male,78,,2022.0
Presenter,Mark_Colvin,Q6767124,male,65,,2007.0
Presenter,Markus_Rautio,Q3294426,male,82,,2017.0
Presenter,Marlin_Maddoux,Q6771852,male,71,,2008.0
Presenter,Martin_Block,Q453930,male,64,,2005.0
Presenter,Martin_Brozius,Q2194604,,68,,2009.0
Presenter,Mary_Margaret_McBride,Q1757500,female,77,,2005.0
Presenter,Ian_Valz,Q5983141,male,53,,2010.0
Presenter,Kjell_Kristian_Rike,Q6419391,male,64,,2008.0
Presenter,Mike_Dickin,Q6846566,,63,,2004.0
Presenter,Ormsby_Wilkins,Q111716373,male,60,,2022.0
Presenter,Ray_Rayner,Q1566521,male,85,,2005.0
Presenter,Scruff_Connors,Q7439330,male,64,,2008.0
Presenter,Seiichirō_Furuta,Q22125614,male,95,,2016.0
Presenter,Harold_Arlin__Harold_Arlin__1,,,91,,
Presenter,Fez_Whatley__Fez_Whatley__1,,,57,,
Presenter,Neil_Rogers__Neil_Rogers__1,,,68,,
Presenter,Camille_Combal,Q2934891,,43,,2020.0
Presenter,Cara_Carriveau,Q5037307,female,48,,2010.0
Presenter,Carlo_Boszhard,Q1041909,male,55,,2005.0
Presenter,Carolina_Bermudez,Q5044779,,46,,2007.0
Presenter,Caroline_Feraday,Q5045063,female,47,,2005.0
Presenter,Carrie_Davis,Q5046219,female,48,,2005.0
Presenter,Ben_Maller,Q4886108,male,49,,2005.0
Presenter,Robin_Galloway,Q7352406,male,63,,2008.0
Presenter,Rodney_Bingenheimer,Q7356857,male,78,,2004.0
Presenter,Roe_Conn,Q16195473,,60,,2005.0
Presenter,Ron_Bennington,Q7363522,male,66,,2005.0
Presenter,Ron_Pinkney,Q7364264,,89,,2012.0
Presenter,Roos_Moggré,Q2737221,female,43,,2020.0
Presenter,Rory_Reid_(journalist),Q22807045,male,45,,2016.0
Presenter,Rosemary_Barton,Q19955946,female,48,,2015.0
Presenter,Ross_Kelly_(presenter),Q25189786,male,63,,2016.0
Presenter,Sandra_Maischberger,Q106538,,58,,2006.0
Presenter,Sarah_Champion_(presenter),Q7422178,female,47,,2007.0
Presenter,Sarah_X_Dylan,Q7422924,female,44,,2007.0
Presenter,Scott_Ferrall,Q6381995,male,59,,2005.0
Presenter,Bart_Arens,Q2219249,male,46,,2011.0
Presenter,Becky_Worley,Q4878883,,53,,2004.0
Presenter,Bernie_Ward,Q4894515,,73,,2003.0
Presenter,Big_Tigger,Q4906547,male,52,,2006.0
Presenter,Bill_Buckley_(radio_presenter),Q4908317,,65,,2006.0
Presenter,Bill_Rennells,Q28777332,male,93,,2017.0
Presenter,Bob_Edwards,Q4932360,male,77,,2003.0
Presenter,Bob_Kevoian,Q4933021,male,74,,2004.0
Presenter,Bomani_Jones,Q4940357,,44,,2011.0
Presenter,Brant_Miller,Q4957610,male,74,,2006.0
Presenter,Brian_Sullivan_(news_anchor),Q4965416,male,53,,2007.0
Presenter,David_Burns_(radio_presenter),Q5231932,,65,,2008.0
Presenter,David_Kaplan_(radio),Q5235851,male,64,,2006.0
Presenter,David_Mizejewski,Q16732698,male,49,,2013.0
Presenter,David_Sheppard_(broadcaster),Q110937799,male,43,,2021.0
Presenter,David_Vitty,Q5151449,male,50,,2005.0
Presenter,Dawnette_Lounds-Culp,Q5242583,,56,,2007.0
Presenter,Denise_Keller,Q5257694,female,42,,2005.0
Presenter,Derk_Bolt,Q4668936,male,69,,2017.0
Presenter,Des_Clarke_(comedian),Q5263440,male,43,,2006.0
Presenter,Dev_(DJ),Q5267495,male,40,,2009.0
Presenter,Howie_Carr,Q5921979,male,72,,2005.0
Presenter,Huw_Stephens,Q13129206,,43,,2005.0
Presenter,John_Records_Landecker,Q6254417,male,77,,2006.0
Presenter,John_Williams_(radio_personality),Q6264366,male,65,,2006.0
Presenter,Johnnie_Walker_(DJ),Q939019,male,79,,2005.0
Presenter,Johnny_Dare,Q6266546,male,56,,2004.0
Presenter,Johnny_Lewis_(DJ),Q6267117,male,66,,2009.0
Presenter,Jon_Faine,Q16207764,male,68,,2006.0
Presenter,Jon_Gaunt,Q6270746,male,63,,2006.0
Presenter,Jon_Weiner,Q28967527,male,52,,2017.0
Presenter,Jonathan_Sutherland,Q6274557,male,47,,2006.0
Presenter,Jonathon_Brandmeier,Q3183507,,68,,2005.0
Presenter,Jono_Pryor,Q6275870,male,43,,2011.0
Presenter,Jordan_Chariton,Q39087101,male,38,,2017.0
Presenter,Josh_Arnold,Q28784563,,46,,2017.0
Presenter,Joy_Doreen_Biira,Q6297101,female,38,,2010.0
Presenter,Juan_González_(journalist),Q11686474,male,77,,2005.0
Presenter,Judith_Rakers,Q62867,female,48,,2010.0
Presenter,Jules_Lund,Q6305945,male,45,,2005.0
Presenter,Julie_Adenuga,Q20640678,,36,,2015.0
Presenter,Julien_Lepers,Q3189566,male,75,,2008.0
Presenter,Juliet_Dunlop,Q6308867,female,52,,2011.0
Presenter,Julio_Sánchez_Cristo,Q6309546,male,65,,2007.0
Presenter,Pat_Sharp,Q16167185,male,63,,2004.0
Presenter,Patty_Sullivan,Q7148735,female,56,,2006.0
Presenter,Paul_Campion_(radio_host),Q16197909,male,55,,2007.0
Presenter,Peter_Goers,Q7174272,male,68,,2008.0
Presenter,Peter_Musñgi,Q30643630,male,79,,2017.0
Presenter,Renee_Gartner,Q17010247,female,40,,2014.0
Presenter,Rhod_Sharp,Q7320827,male,71,,2006.0
Presenter,Ric_Salizzo,Q16194782,,62,,2013.0
Presenter,Rick_Emerson,Q7331372,,51,,2006.0
Presenter,Rie_Oh,Q7333055,female,54,,2006.0
Presenter,Rob_Geus,Q2800388,male,53,,2016.0
Presenter,Rob_Stenders,Q301952,male,59,,2005.0
Presenter,Robert_Krulwich,Q7346474,male,77,,2004.0
Presenter,Charity_Nebbe,Q19662804,female,49,,2015.0
Presenter,Vassy_Kapelos,Q34902202,,43,,2017.0
Presenter,Vic_Galloway,Q7924802,male,52,,2006.0
Presenter,Vin_Scelsa,Q7931331,male,77,,2006.0
Presenter,Violet_Berlin,Q7933221,female,56,,2006.0
Presenter,Jaguar_Bingham,Q110808785,female,29,,2022.0
Presenter,%22Shotgun_Tom%22_Kelly,Q21066113,,75,,2015.0
Presenter,Corby_Davidson,Q5169812,,55,,2007.0
Presenter,Craig_Carton,Q5180810,male,55,,2007.0
Presenter,Craig_Miller_(broadcaster),Q27889223,,59,,2016.0
Presenter,María_Alejandra_Guzmán,Q16223146,female,40,,2013.0
Presenter,María_Escario,Q6003737,female,65,,2018.0
Presenter,Matthew_Bannister,Q6790117,male,67,,2004.0
Presenter,Megan_Mansell,Q106483534,female,34,,2021.0
Presenter,Ryan_Kahn,Q7384200,male,47,,2010.0
Presenter,Ryan_Pyle,Q100920497,,46,,2020.0
Presenter,Chris_Russo,Q5107951,male,65,,2004.0
Presenter,Chris_Warburton,Q22909700,male,48,,2015.0
Presenter,Christian_Gálvez_(TV_presenter),Q8345611,male,44,,2018.0
Presenter,Christian_Jeanpierre,Q2965360,male,59,,2020.0
Presenter,Chuck_Dunaway,Q5115450,male,90,,2011.0
Presenter,Chuck_Schaden,Q5115701,male,90,,2005.0
Presenter,Chukwuemeka_Fred_Agbata,Q64738551,male,45,,2019.0
Presenter,Cipha_Sounds,Q5121258,male,48,,2005.0
Presenter,Cleopatra_Koheirwe,Q38038514,,42,,2017.0
Presenter,Colin_Cowherd,Q5145011,male,60,,2005.0
Presenter,Elijah_Joy,Q5360938,male,39,,2009.0
Presenter,Elliot_Segal,Q5365564,male,55,,2006.0
Presenter,Elvis_Duran,Q5368178,male,60,,2005.0
Presenter,Emilia_Papadopoulos,Q21067287,female,37,,2015.0
Presenter,Emma_B,Q5372725,female,54,,2005.0
Presenter,Frank_Collison,Q645626,male,74,,2007.0
Presenter,Frank_Ski,Q5489648,male,60,,2009.0
Presenter,Fred_van_Leer,Q2007631,male,48,,2021.0
Presenter,Frédéric_Taddeï,Q603,male,63,,2012.0
Presenter,Gaetano_Kagwa,Q5516694,male,52,,2012.0
Presenter,Gareth_Cliff,Q13034758,male,47,,2016.0
Presenter,Garry_Meier,Q5524186,male,75,,2005.0
Presenter,Gary_Beaty,Q16727429,male,81,,2014.0
Presenter,Gary_Berkowitz,Q5524699,,73,,
Presenter,Gary_Bryan,Q5524772,male,72,,2005.0
Presenter,Gary_McCormick,Q5525557,male,73,,2007.0
Presenter,Gee_Money,Q5529759,male,56,,2007.0
Presenter,Geoff_Cox,Q5534101,male,73,,2008.0
Presenter,George_Dunham,Q5538673,male,59,,2006.0
Presenter,George_Fischbeck,Q5539283,male,102,,2006.0
Presenter,Georgie_Thompson,Q5548205,female,47,,2006.0
Presenter,Gerald_Koh,Q16730955,male,40,,2013.0
Presenter,Geraldine_Kemper,Q13641675,female,34,,2018.0
Presenter,Gerard_Ekdom,Q2003113,male,46,,2006.0
Presenter,Giel_Beelen,Q5559773,male,47,,2006.0
Presenter,Glenn_Hauser,Q8964235,male,79,,2005.0
Presenter,Glenn_Ong,Q5569036,male,54,,2006.0
Presenter,Grant_Kereama,Q3115395,,57,,2007.0
Presenter,Misa_Tamagawa,Q11572590,female,53,,2020.0
Presenter,Mustafa_Mijajlović,Q3441942,male,52,,2009.0
Presenter,Myma_Seldon,Q6947790,female,45,,2005.0
Presenter,Andrew_Chang,Q34361709,male,42,,2017.0
Presenter,Andries_Knevel,Q13429586,male,72,,2019.0
Presenter,Andrés_Durán,Q4760179,male,58,,2011.0
Presenter,Andy_Dean,Q4760588,,43,,2011.0
Presenter,Andy_Ihnatko,Q4760846,,57,,2007.0
Presenter,Andy_Slater,Q4761321,male,46,,2009.0
Presenter,Angela_Yee,Q4762592,,48,,2010.0
Presenter,Anja_Daems,Q1960258,female,56,,2021.0
Presenter,Anna_Maria_Tremonti,Q541935,female,67,,2004.0
Presenter,Annemieke_Schollaardt,Q2678341,female,45,,2010.0
Presenter,Lene_Beier,Q20852571,female,47,,2018.0
Presenter,Leona_Graham,Q517957,female,53,,2006.0
Presenter,Leonard_Lopate,Q6525514,male,84,,2006.0
Presenter,Levente_Harsányi,Q1034175,,54,,2017.0
Presenter,Lex_and_Davey,Q18044602,,36,,2014.0
Presenter,Liam_Renton,Q6539781,male,48,,2012.0
Presenter,Lil_Nat,Q66363078,,49,,2019.0
Presenter,Lilah_Parsons,Q28858661,female,36,,2016.0
Presenter,Lin_Brehmer,Q16186161,male,70,,2012.0
Presenter,Linde_Merckpoel,Q1872892,female,40,,2021.0
Presenter,Lowell_Green,Q6693210,,88,,2004.0
Presenter,Luke_Burbank,Q16206180,male,48,,2005.0
Presenter,Luz_García,Q5984992,female,47,,2013.0
Presenter,Lynn_Cullen,Q6708989,female,76,,2005.0
Presenter,Lynn_Parsons,Q6709163,,63,,2005.0
Presenter,Malaika_(actress),Q55984275,female,35,,2020.0
Presenter,Mancow_Muller,Q6747670,male,58,,2004.0
Presenter,Sid_Rosenberg,Q2281640,male,57,,2005.0
Presenter,Simon_Barnett,Q7518230,male,57,,2006.0
Presenter,Skip_Kelly,Q19560971,male,51,,2015.0
Presenter,Stav_Danaos,Q16979881,male,46,,2014.0
Presenter,Stephen_Crittenden,Q7608975,male,61,,2009.0
Presenter,Stephen_J._McCormick_(radio_correspondent),Q102185888,male,110,,2020.0
Presenter,Steve_Arterburn,Q7611820,male,71,,2009.0
Presenter,Steve_Cochran_(radio_host),Q7612226,male,63,,2005.0
Presenter,Steve_Czaban,Q7612326,,56,,2005.0
Presenter,Steve_Dahl,Q7612332,,70,,2005.0
Presenter,Steve_Inskeep,Q7612908,male,56,,2005.0
Presenter,Steve_Lamacq,Q3142472,male,60,,2003.0
Presenter,Steve_Seel,Q7613882,,58,,2010.0
Presenter,Steve_Wright_(DJ),Q1015589,male,70,,2004.0
Presenter,Stryker_(DJ),Q7625563,male,53,,2006.0
Presenter,Zaven_Kouyoumdjian,Q166924,male,54,,2006.0
Presenter,Zoo_Béres,Q5005059,male,49,,2008.0
Presenter,Zvi_Yehezkeli,Q8075550,male,54,,2007.0
Presenter,Bae_Cheol-soo,Q16082840,male,71,,2016.0
Presenter,Bryan_Baeumler,Q4979961,male,50,,2009.0
Presenter,Bryan_Hall_(sportscaster),Q4980138,,90,,2009.0
Presenter,Bulasio_Mukasa,Q111685296,male,38,,2022.0
Presenter,Tim_Roxborogh,Q94724460,,42,,2019.0
Presenter,Tom_Fitzmorris,Q7815797,,73,,2009.0
Presenter,Tom_Griswold,Q7816019,male,71,,2004.0
Presenter,Tom_Joyner,Q7816377,,75,,2004.0
Presenter,Tom_Power_(musician),Q7817270,male,37,,2012.0
Presenter,Tony_Delroy,Q7822220,male,71,,2005.0
Presenter,Trevor_Nelson,Q14031868,male,60,,2005.0
Presenter,Warren_Ballentine,Q7970043,male,51,,2009.0
Presenter,Warwick_Slow,Q7971192,male,34,,2010.0
Presenter,Wippa,Q8026713,male,45,,2012.0
Presenter,Liz_Wilde,Q6660336,female,59,,2005.0
Presenter,Abby_Coleman,Q23418640,,43,,2016.0
Presenter,Adam_Spencer,Q4679827,male,55,,2004.0
Presenter,Agnieszka_Popielewicz,Q17335355,female,39,,2016.0
Presenter,Alan_Freeman,Q3308814,male,97,,2004.0
Presenter,Aled_Haydn_Jones,Q4714340,male,48,,2006.0
Presenter,Alex_Dyson,Q4716939,male,36,,2008.0
Presenter,Alexei_Venediktov,Q2389338,,69,,2009.0
Presenter,Ali_Marchant,Q4724994,male,44,,2008.0
Presenter,Alice_Beer,Q4725750,female,59,,2006.0
Presenter,Alice_Stewart_(commentator),Q65622120,female,58,,2019.0
Presenter,Alison_Curtis,Q4727056,,47,,2007.0
Presenter,Amberley_Lobo,Q4741356,female,34,,2010.0
Presenter,Amoaning_Samuel,Q60577043,male,29,,2019.0
Presenter,Amy_Goodman,Q259317,female,67,,2003.0
Presenter,Amy_Guy,Q3614741,,41,,2008.0
Presenter,Amy_Voce,Q28113058,female,42,,2017.0
Presenter,An_Lemmens,Q2227892,,44,,2007.0
Presenter,Csilla_Tatár,Q1317245,female,41,,2017.0
Presenter,Cubby_Bryant,Q5192193,male,53,,2006.0
Presenter,DJ_Brian,Q5205260,male,44,,2012.0
Presenter,DJ_Premier_(radio_DJ),Q30122010,,38,,2017.0
Presenter,Dalen_Lance,Q5210778,male,41,,2013.0
Presenter,Damon_Amendolara,Q5212805,male,45,,2007.0
Presenter,Damon_Bruce,Q5212811,,49,,2006.0
Presenter,Dan_Beyer,Q18921432,male,47,,2015.0
Presenter,Dan_Carlin,Q5213232,male,59,,2007.0
Presenter,Dan_McDowell,Q27733729,,55,,2006.0
Presenter,Dan_Shilon,Q5214380,male,84,,2011.0
Presenter,Dana_Jacobson,Q5214754,,53,,2005.0
Presenter,Danielle_Perry,Q5219421,female,44,,2009.0
Presenter,Dr._Gangrene,Q5304113,male,58,,2007.0
Presenter,Drew_Marshall,Q5307225,,58,,2008.0
Presenter,Ecija_Ivušić,Q59168811,female,38,,2018.0
Presenter,Eddie_Stubbs,Q5336518,,63,,2005.0
Presenter,Eric_Stromer,Q5387582,male,63,,2008.0
Presenter,Evan_Roberts_(sportscaster),Q5415529,male,41,,2006.0
Presenter,Evi_Hanssen,Q2180508,female,46,,2018.0
Presenter,Fausto_Silva,Q1790996,,74,,2012.0
Presenter,Federico_Russo_(presenter),Q3741891,male,44,,2020.0
Presenter,Fernando_del_Rincón,Q5860538,male,55,,2014.0
Presenter,Field_Yates,Q109585027,,37,,2021.0
Presenter,Francis_Reyes,Q5482296,male,57,,2008.0
Presenter,Nick_Abbot,Q7026682,male,64,,2005.0
Presenter,Nick_Digilio,Q7027017,male,59,,2005.0
Presenter,Nick_Piercey,Q7027728,,64,,
Presenter,Nikki_Hayes,Q7035234,female,45,,2007.0
Presenter,Nina_Las_Vegas,Q19876294,female,40,,2015.0
Presenter,Norm_Hitzges,Q7051497,male,80,,2008.0
Presenter,Paddy_MacDee,Q112042954,male,74,,2022.0
Presenter,Papa_Jackson,Q21932181,,42,,2015.0
Presenter,Park_Ji-yoon_(presenter),Q12597195,female,45,,2014.0
Presenter,Gordon_Chree,Q5584976,,46,,2007.0
Presenter,Lucy_Whyte,Q24088725,female,40,,2016.0
Presenter,Grégoire_Margotton,Q3118481,male,55,,2020.0
Presenter,"Guy,_Sharyn_&_Clint",Q19875672,,37,,
Presenter,Gwen_van_Poorten,Q15875984,female,35,,2014.0
Presenter,Halla_Mohieddeen,Q28536823,female,45,,2017.0
Presenter,Harriet_Scott_(broadcaster),Q5664317,female,52,,2007.0
Presenter,Ira_Flatow,Q2913543,male,75,,2003.0
Presenter,James_Naughtie,Q6140302,,73,,2004.0
Presenter,James_Onen,Q39740188,,49,,2017.0
Presenter,James_Stannage,Q6143503,,74,,2004.0
Presenter,James_Whale_(radio_presenter),Q6145366,,73,,2004.0
Presenter,Jamie_Yeo,Q6147647,female,47,,2007.0
Presenter,Jason_Whitlock,Q16197439,,57,,2005.0
Presenter,Javier_Cárdenas_(presenter),Q5927636,male,54,,2017.0
Presenter,Jay-Jay_Feeney,Q64009142,female,50,,2019.0
Presenter,Jean_Danker,Q6170500,female,46,,2007.0
Presenter,Jean_Raynal,Q23071930,male,95,,2020.0
Presenter,Jed_the_Fish,Q6172649,male,69,,2005.0
Presenter,Jeff_Jarvis,Q1581997,male,70,,2005.0
Presenter,Jeff_Newman_(TV_personality),Q6174600,male,80,,2007.0
Presenter,Tania_Bryer,Q7683227,female,62,,2007.0
Presenter,Terelu_Campos,Q6142486,female,59,,2018.0
Presenter,Arne_Scheie,Q4794661,male,80,,2006.0
Presenter,Asif_Shah,Q23020502,,44,,2016.0
Presenter,Chad_Dukes_(podcaster),Q5066224,male,46,,2007.0
Presenter,Charles_Adler_(broadcaster),Q108822178,male,70,,2005.0
Presenter,Charles_Osgood,Q5081387,male,91,,2004.0
Presenter,Chick_McGee,Q5096142,male,67,,2005.0
Presenter,Jeremy_Wells,Q6182016,male,47,,2005.0
Presenter,Jerry_Blavat,Q6183280,,84,,2008.0
Presenter,Jesse_Thorn,Q6186917,male,43,,2008.0
Presenter,Jim_Gellatly,Q6195182,male,56,,2008.0
Presenter,Jim_Quinn,Q6197652,male,81,,2005.0
Presenter,Jim_Rome,Q6197838,male,60,,2002.0
Presenter,JoAnne_Good,Q6204035,female,69,,2008.0
Presenter,Jo_Whiley,Q133698,female,59,,2004.0
Presenter,Jody_Vance,Q16197348,female,57,,2006.0
Presenter,Joe_Benigno,Q6208582,male,71,,2005.0
Presenter,Joel_Werner,Q27824603,male,47,,2016.0
Presenter,John_Bell_(radio_personality),Q6221443,male,90,,2010.0
Presenter,John_Counsell_(pastor),Q6227299,,65,,2004.0
Presenter,John_DeBella,Q6228925,male,73,,2006.0
Presenter,John_Holmberg,Q112063593,male,52,,2022.0
Presenter,John_Kennedy_(radio_broadcaster),Q97359445,,59,,2020.0
Presenter,John_Matisonn,Q21931858,male,75,,2015.0
Presenter,KABA_(radio_personality),Q60694211,male,44,,2018.0
Presenter,Kai_Ryssdal,Q6347481,male,61,,2005.0
Presenter,Kamahl_Santamaria,Q6355269,male,44,,2006.0
Presenter,Kamasami_Kong,Q11294691,male,75,,2020.0
Presenter,Kate_Langbroek,Q6375591,female,59,,2005.0
Presenter,Kathryn_Humphreys,Q6377058,female,54,,2006.0
Presenter,Katrin_Lengyelová,Q16335855,female,52,,2014.0
Presenter,Keith_Bilbrey,Q6384065,male,72,,2009.0
Presenter,Kelly-Ann_Woodland,Q24088721,,43,,2016.0
Presenter,Ken_Bruce,Q6387391,male,73,,2005.0
Presenter,Ken_Dashow,Q6387505,male,66,,2008.0
Presenter,Kim_Sung-joo_(presenter),Q12587749,male,52,,2014.0
Presenter,Laura_G,Q2878374,female,39,,2018.0
Presenter,Laura_Stylez,Q61748309,female,44,,2019.0
Presenter,Lawrence_Tanter,Q16226665,male,75,,2006.0
Presenter,Suraj_Singh_Thakuri,Q7645335,male,45,,2010.0
Presenter,Susan_Stamberg,Q7648413,female,86,,2006.0
Presenter,T._D._Mischke,Q7668206,male,62,,2004.0
Presenter,Edwin_Evers,Q1922182,male,53,,2016.0
Presenter,Diane_Rehm,Q5271552,female,88,,2005.0
Presenter,Dick_Biondi,Q5272681,male,92,,2006.0
Presenter,Didier_Roustan,Q3027180,male,67,,2020.0
Presenter,Doc_Thompson,Q61605250,male,55,,2019.0
Presenter,Dominic_Byrne,Q5290482,,52,,2005.0
Presenter,Dominik_Diamond,Q5290963,male,55,,2004.0
Presenter,Don_Geronimo,Q5292666,male,66,,2005.0
Presenter,Donal_Dineen,Q5293858,male,55,,2008.0
Presenter,Dori_Monson,Q5297755,male,63,,2009.0
Presenter,Marc_Germain,Q6755575,male,57,,2005.0
Presenter,Marian_Foster,Q6761882,,76,,2008.0
Presenter,Mark_Belling,Q6766708,male,68,,2005.0
Presenter,Mark_Chapman_(broadcaster),Q6767044,,51,,2005.0
Presenter,Mark_Hamilton_(doctor),Q6767894,male,54,,2007.0
Presenter,Mark_Radcliffe_(radio_broadcaster),Q4118229,male,66,,2004.0
Presenter,Martijn_Krabbé,Q3545345,,56,,2010.0
Presenter,Marty_Sheargold,Q6777547,,53,,2006.0
Presenter,Mary_Anne_Hobbs,Q3081782,female,60,,2005.0
Presenter,Pierre_Robert_(DJ),Q7192423,,69,,2005.0
Presenter,Pippa_Taylor,Q53568311,female,47,,
Presenter,Polly_Harding,Q107060647,female,34,,2021.0
Presenter,Iamdra_Fermín,Q5907689,female,40,,2013.0
Presenter,Ian_Collins_(radio_presenter),Q5981243,male,58,,2005.0
Presenter,Ilaria_D'Amico,Q1055352,female,51,,2005.0
Presenter,Kojo_Nnamdi,Q6426499,male,79,,2005.0
Presenter,Kristina_Inhof,Q17486288,female,36,,2018.0
Presenter,Kristín_Sif_Björgvinsdóttir,Q97626501,female,41,,2020.0
Presenter,Krisztina_Rátonyi,Q16522602,female,34,,2017.0
Presenter,Kutski,Q6448538,male,42,,2009.0
Presenter,Kyle_Sandilands,Q16213757,male,53,,2005.0
Presenter,Merav_Miller,Q6682085,female,53,,2019.0
Presenter,Michael_Baisden,Q6828364,male,61,,2006.0
Presenter,Michael_Catherwood,Q16206306,male,45,,2010.0
Presenter,Michael_Feldman,Q6830258,male,75,,2015.0
Presenter,Michael_Krasny_(talk_show_host),Q6831971,male,80,,2005.0
Presenter,Michael_Rowland_(news_presenter),Q6834006,male,56,,2012.0
Presenter,Micheal_O'Brien_(Canadian_politician),Q102104645,male,74,,2020.0
Presenter,Michelle_Borel,Q6836933,female,41,,2009.0
Presenter,Mike_Francesa,Q6846901,male,70,,2005.0
Presenter,Mike_Greenberg,Q6847071,male,57,,2005.0
Presenter,Mike_O'Meara,Q16193279,male,65,,2005.0
Presenter,Mike_Opelka,Q97501525,,67,,2020.0
Presenter,Mike_Parry,Q6848321,,70,,2004.0
Presenter,Mike_Stone_(radio_personality),Q6848948,male,66,,2007.0
Presenter,Mildred_Tuhaise,Q108572466,female,34,,2021.0
Presenter,Natalie_Sawyer,Q6968236,female,45,,2009.0
Presenter,Olivier_Anquier,Q3350765,male,65,,2015.0
Presenter,Ralph_McDaniels,Q7287843,male,62,,2008.0
Presenter,Seán_Batty,Q15994291,,42,,2007.0
Presenter,Sharyn_Casey,Q27947517,female,39,,2015.0
Presenter,Shaula_Vogue,Q11307633,female,38,,2019.0
Presenter,Sheilah_Gashumba,Q109560910,female,28,,2021.0
Presenter,Yoav_Kutner,Q8054206,male,70,,2009.0
Presenter,Leyland_brothers__Mal_Leyland__1,,,80,,
Presenter,Drew_Pinsky__Dr._Drew_Pinsky__1,,,66,,
Presenter,Jenny_Huston__Jenny_Huston__1,,,51,,
Presenter,Zane_Lowe__Zane_Lowe__1,,,51,,
Presenter,Guy_Perryman__Guy_Perryman__1,,,59,,
Presenter,Jackie_O_(radio_host)__Jackie_O__1,,,49,,
Presenter,Charlamagne_tha_God__Charlamagne_tha_God__1,,,46,,
Presenter,Bob_Boilen__Bob_Boilen__1,,,71,,
Presenter,Bob_Shannon_(radio_personality)__Bob_Shannon__1,,,76,,
Presenter,Gary_Stein__Gary_Stein__1,,,63,,
Presenter,Mark_Levin__Mark_Levin__1,,,67,,
Presenter,Annie_Nightingale__Annie_Nightingale__1,,,84,,
Presenter,Matt_Siegel__Matt_Siegel__1,,,74,,
Presenter,Simon_Mayo__MBE__1,,,66,,
Presenter,Roger_Kool,Q7358483,male,-19,,2005.0
Presenter,George_Atkins_(broadcaster),Q5536477,,-15,,2009.0
Presenter,Ed_Mason,Q5335123,,-3,,2012.0
Presenter,Paddy_O'Flaherty,Q27176434,male,-8,,2016.0
Presenter,Terry_Moore_(broadcaster),Q56752534,male,-6,,2018.0
Presenter,Sondra_Gair,Q57729327,female,-30,,2018.0
Presenter,Wynn_Speece,Q8040185,female,-17,,2012.0
Presenter,Carol_Hirschfeld,Q5044375,female,0,,2008.0
Presenter,Carol_Off,Q5044493,female,0,,2006.0
Presenter,Casey_Anderson_(naturalist),Q19938267,male,0,,2015.0
Presenter,Ambrose_Olutayo_Somide,Q23307816,male,0,,2016.0
Presenter,Quentin_Cooper,Q4251457,male,0,,2007.0
Presenter,Robert_Sherman_(music_critic),Q7349755,male,0,,2011.0
Presenter,Rory_McConnell,Q7366914,male,0,,2006.0
Presenter,Moose_and_JRock,Q22907045,,0,,2015.0
Presenter,Benji_B,Q4889512,male,0,,2006.0
Presenter,Beverley_Wang,Q112674298,,0,,2022.0
Presenter,Bob_Layton_(newscaster),Q4933127,,0,,2011.0
Presenter,David_Kestenbaum,Q5235977,male,0,,2009.0
Presenter,David_Seth-Smith,Q5203745,,0,,2005.0
Presenter,David_Seth-Smith,Q5239649,male,0,,2005.0
Presenter,Deedan_Muyira,Q56810077,female,0,,2017.0
Presenter,Alix_Spiegel,Q19665204,,0,,2013.0
Presenter,Andrea_Brymer,Q16206150,,0,,2013.0
Presenter,Andrea_Foulkes,Q4755087,female,0,,2009.0
Presenter,Joti_Samra,Q6294467,female,0,,2012.0
Presenter,Bethan_Elfyn,Q4897683,female,0,,2006.0
Presenter,Paul_Martin_(radio_presenter),Q7152237,,0,,2007.0
Presenter,Paul_Miller_(radio_presenter),Q7152542,male,0,,
Presenter,Paul_W._Smith,Q7154194,male,0,,2006.0
Presenter,Pebbles_(radio_personality),Q7158576,female,0,,2011.0
Presenter,Vic_Latino,Q7924842,male,0,,2010.0
Presenter,Dawn_Dawson,Q58823977,female,0,,2018.0
Presenter,Jane_Lindholm,Q24248304,female,0,,2016.0
Presenter,Shaun_Doherty,Q7490830,male,0,,2007.0
Presenter,Cousin_Creep,Q5178817,,0,,
Presenter,Cheryl_Waters_(radio_personality),Q111103923,female,0,,2022.0
Presenter,Gary_Sullivan_(radio_host),Q5526018,male,0,,2004.0
Presenter,Olayemi_Ogunwole,Q55627395,female,0,,2018.0
Presenter,Chris_Page,Q5107673,male,0,,2010.0
Presenter,Christopher_Blanchett,Q16745189,male,0,,2014.0
Presenter,Clive_Warren,Q5134695,male,0,,2005.0
Presenter,Garry_Richardson,Q5524213,male,0,,2010.0
Presenter,Gary_Dolphin,Q5524985,male,0,,2011.0
Presenter,Graham_Torrington,Q5593312,male,0,,2010.0
Presenter,Myf_Warhurst,Q16214677,female,0,,2004.0
Presenter,Martin_Ingram_(broadcaster),Q6775753,male,0,,2007.0
Presenter,Nadine_Ramkisson,Q16213244,female,0,,2007.0
Presenter,Steam_digester,Q898823,,0,,2007.0
Presenter,Anita_Fabiola,Q29440061,female,0,,2017.0
Presenter,Anthony_Cumia,Q19609603,male,0,,2006.0
Presenter,Lee_Simon,Q6515075,,0,,2010.0
Presenter,Bob_Wojnowski,Q16194410,,0,,2007.0
Presenter,Simon_Conway,Q105699101,male,0,,2012.0
Presenter,Dennis_Elsas,Q5258382,,0,,2009.0
Presenter,Frank_Ritchie,Q106594403,male,0,,2021.0
Presenter,Frank_Stasio,Q5489754,male,0,,2007.0
Presenter,John_Osborne_(broadcaster),Q6251355,,0,,2008.0
Presenter,Kevin_Eschenfelder,Q6396235,,0,,2006.0
Presenter,Nicholas_Pandolfi,Q7026023,male,0,,2008.0
Presenter,Peter_Armstrong_(journalist),Q7172557,male,0,,2009.0
Presenter,Rollye_James,Q7361381,female,0,,2005.0
Presenter,Murphy_Ijemba,Q21908917,male,0,,2016.0
Presenter,Tim_Riley_(radio_personality),Q16226028,,0,,2006.0
Presenter,Todd_Herman,Q97626753,male,0,,2020.0
Presenter,Tony_Dixon_(DJ),Q7822239,,0,,2010.0
Presenter,Darius_Rochebin,Q3016182,male,0,,2021.0
Presenter,Wallace_Chapman,Q7962762,,0,,2009.0
Presenter,Gail_McGrane,Q5517123,female,0,,2010.0
Presenter,Haybox,Q450208,,0,,2007.0
Presenter,Heidi_Harris,Q5698885,female,0,,2006.0
Presenter,Helen_Razer,Q5703028,female,0,,2005.0
Presenter,Helene_Sensburg,Q16079151,female,0,,2012.0
Presenter,Jason_Reeves_(radio_broadcaster),Q16216031,,0,,2007.0
Presenter,Jeremy_Hobson,Q16209087,male,0,,2014.0
Presenter,Jo_Farrow,Q6204226,female,0,,2008.0
Presenter,Joel_Johnson_(journalist),Q16730355,,0,,2013.0
Presenter,Law_Roach,Q95920109,male,0,,2020.0
Presenter,Liz_Green,Q6660163,female,0,,2009.0
Presenter,Afshan_Anjum,Q20675877,female,0,,2015.0
Presenter,Aiman_Abdallah,Q405431,male,0,,2019.0
Presenter,Alakaʻi_Paleka,Q110463881,female,0,,2022.0
Presenter,Dan_Hegarty,Q5213661,male,0,,2006.0
Presenter,Ferdinand_Biondi,Q5443806,male,0,,2006.0
Presenter,Fifi_Box,Q5447399,,0,,2006.0
Presenter,Fiona_Ritchie,Q5451101,,0,,2005.0
Presenter,Barbara_Sturgeon,Q4859346,,0,,2009.0
Presenter,Brian_Howard_(radio_broadcaster),Q50117090,male,0,,2018.0
Presenter,Brian_Wheeler,Q4965614,male,0,,2008.0
Presenter,Nick_Barraclough,Q7026745,male,0,,2007.0
Presenter,Nikki_Woods,Q16751539,female,0,,2014.0
Presenter,Norman_Ellison,Q7052191,male,0,,2009.0
Presenter,Norman_Thomas_(broadcaster),Q7052855,male,0,,2012.0
Presenter,Pat_Caputo,Q7143273,male,0,,2007.0
Presenter,John_Peters_(DJ),Q6252664,male,0,,2007.0
Presenter,Joseph_Nunez,Q6285847,,0,,
Presenter,Katie_Daryl,Q6377423,female,0,,2006.0
Presenter,Ken_Matthews_(radio),Q97586062,,0,,2020.0
Presenter,Nick_Geber,Q16239640,male,0,,2006.0
Presenter,Ray_McCoy_(radio_personality),Q83753254,male,0,,2020.0
Presenter,Gregg_Hughes,Q19878578,male,0,,2006.0
Presenter,Harry_Smith_(British_journalist),Q25171870,male,0,,2016.0
Presenter,Jackie_Lumbasi,Q23020804,female,0,,2016.0
Presenter,Jeff_Phillips_(singer),Q6174692,male,0,,2007.0
Presenter,Ted_Grossman,Q66759055,,0,,2019.0
Presenter,Terry_Foster,Q7704391,male,0,,2006.0
Presenter,Jeffrey_James,Q6176080,male,0,,2010.0
Presenter,Jim_Ball_(radio_personality),Q16150690,,0,,2006.0
Presenter,Jimmy_Wallington,Q6201479,male,0,,2007.0
Presenter,Mary_Walter_(radio),Q97703986,female,0,,2020.0
Presenter,A_Martínez,Q107725089,male,0,,2021.0
Presenter,Charles_Pitts_(broadcaster),Q98528480,male,0,,2020.0
Presenter,Charmaine_Yee,Q5086429,female,0,,
Presenter,Jesse_Mulligan,Q54723230,male,0,,2018.0
Presenter,Jim_Johnson_(radio),Q15433432,male,0,,2010.0
Presenter,Joe_Maiden,Q6211082,male,0,,2009.0
Presenter,John_Canzano,Q6225070,male,0,,2005.0
Presenter,John_Kenneally_(radio_presenter),Q6242818,male,0,,2012.0
Presenter,Kelly_Gallardo,Q6386037,female,0,,2009.0
Presenter,Ken_Jebsen,Q1738618,male,0,,2015.0
Presenter,Billy_Baxter_(musician),Q4912171,male,0,,2012.0
Presenter,Billy_Maher,Q113126621,male,0,,2022.0
Presenter,Billy_V,Q110463491,male,0,,2022.0
Presenter,Jack_Pizzey_(broadcaster),Q6114628,,0,,2009.0
Presenter,Jazzie_Redd,Q63359422,male,0,,2019.0
Presenter,Tim_Marshall_(radio_host),Q7803895,male,0,,2009.0
Presenter,Doug_Karsch,Q5300619,male,0,,2008.0
Presenter,Doug_Tracht,Q5300965,male,0,,2005.0
Presenter,Audra_Thomas,Q4820076,,0,,2006.0
Presenter,Mark_Mason_(announcer),Q6768741,male,0,,2008.0
Presenter,Burjiko,Q4998898,,0,,2008.0
Presenter,Polly_Gillespie,Q7155023,,0,,2009.0
Presenter,Polly_James_(broadcaster),Q115415326,female,0,,2022.0
Presenter,Clare_McDonnell,Q5126206,female,0,,2005.0
Presenter,Kristi_Lee,Q6437855,female,0,,2005.0
Presenter,Kyoto_box,Q3500955,,0,,2009.0
Presenter,Micaela_Papa,Q20587355,female,0,,2017.0
Presenter,Michael_King_(radio_host),Q18344417,,0,,2014.0
Presenter,Michael_Tearson,Q6834822,male,0,,2011.0
Presenter,Mike_Enoch,Q29834256,male,0,,2016.0
Presenter,Mike_Shaft,Q41872241,male,0,,2017.0
Presenter,Mike_Valenti,Q6849128,male,0,,2006.0
Presenter,Paul_Baxendale-Walker,Q7149270,,0,,2008.0
Presenter,Mikey_Havoc,Q6849457,male,0,,2006.0
Presenter,Mad_Mel,Q6726008,,0,,2010.0
Presenter,Malikha_Mallette,Q16203323,female,0,,2008.0
Presenter,Meghna_Chakrabarti,Q20638093,female,0,,2016.0
Presenter,Norman_Macleod_(journalist),Q10994329,male,0,,2006.0
Presenter,Rachel_McTavish,Q7279330,female,0,,
Presenter,Steve_Madely,Q7613224,male,0,,2005.0
Presenter,Ngizwe_Mchunu,Q108004192,male,0,,2021.0
Presenter,Nigel_MacArthur,Q16210741,male,0,,2006.0
Presenter,Iain_Stables,Q16214215,male,0,,2006.0
Presenter,Martin_Kelner,Q6775867,male,0,,2005.0
Presenter,Lulu_Miller,Q19868014,female,0,,2015.0
Presenter,Lynn_Bowles,Q6708943,female,0,,2005.0
Presenter,Vince_Peach,Q17517309,male,0,,2014.0
Presenter,Piya_Chattopadhyay,Q16745215,female,0,,2014.0
Presenter,Stephanie_Hirst,Q16215308,trans woman,0,,2006.0
Presenter,Ruth_Benamaisia-Opia,Q101944574,female,0,,2020.0
Presenter,Sue_Sweeney,Q111915730,female,0,,2022.0
Presenter,Reef_Karim,Q7306799,,0,,2005.0
Presenter,Mr._Fu,Q6928689,,0,,2011.0
Presenter,Vanessa_Monaghan,Q66459267,female,0,,2019.0
Presenter,Noel_King_(broadcast_journalist),Q105063590,female,0,,2021.0
Presenter,Nora_Young,Q7050170,female,0,,2006.0
Presenter,Phil_Gifford,Q7181914,male,0,,2007.0
Presenter,Vicki_Blight,Q7925372,female,0,,2008.0
Presenter,Ranking_Miss_P,Q16225935,,0,,2006.0
Presenter,Steve_McCoy,Q16211401,male,0,,2005.0
Presenter,Bob_Golic__The_Bob_Golic_Show__1,,,0,,
Presenter,Terry_Gross__Terry_Gross__1,,,0,,
Presenter,"Kirby_Wilbur__Kirby_&_Carlson,_The_Kirby_Wilbur_ShowSean_Hannity__1",,,0,,
Presenter,Dick_Whittington_(DJ)__Dick_Whittington__1,,,0,,
Presenter,Mozez_Praiz__Mozez_Praiz__1,,,0,,
